epoch,train_loss,heldout_loss,lr
1,0.053766,0.027198,1.00e-03
2,0.028019,0.023133,1.00e-03
3,0.024483,0.021571,1.00e-03
4,0.022875,0.020151,1.00e-03
5,0.021714,0.019613,1.00e-03
6,0.020840,0.019139,1.00e-03
7,0.020244,0.019916,1.00e-03
8,0.020237,0.019239,1.00e-03
9,0.019490,0.019176,1.00e-03
10,0.019204,0.019343,1.00e-03
11,0.018834,0.018790,1.00e-03
12,0.018221,0.019390,1.00e-03
13,0.018231,0.020288,1.00e-03
14,0.018041,0.018980,1.00e-03
15,0.017590,0.019175,1.00e-03
16,0.017676,0.018667,1.00e-03
17,0.017474,0.018468,1.00e-03
18,0.016811,0.019065,1.00e-03
19,0.017133,0.019256,1.00e-03
20,0.016839,0.018516,1.00e-03
21,0.016656,0.018326,1.00e-03
22,0.016517,0.018920,1.00e-03
23,0.016317,0.018533,1.00e-03
24,0.016104,0.019105,1.00e-03
25,0.016017,0.018142,1.00e-03
26,0.015951,0.018544,1.00e-03
27,0.015875,0.018170,1.00e-03
28,0.015413,0.018228,1.00e-03
29,0.015372,0.018635,1.00e-03
30,0.015322,0.018637,1.00e-03
31,0.015295,0.018158,5.00e-04
32,0.014713,0.018380,5.00e-04
33,0.014609,0.018212,5.00e-04
34,0.014411,0.018378,5.00e-04
35,0.014420,0.018154,5.00e-04
